,Total Schools,Total Students,Total Budget,Average Math Score,Average Reading Score,% Passing Math,% Passing Reading,% Overall Passing
0,15,"32,715","$82,932,329,558.00",78.98537145774827,81.87784018381414,89.77533241632278,102.73574812777014,78.031484028733
